--------------------------------------------------------
-- Archivo creado  - sábado-febrero-12-2022   
--------------------------------------------------------
--------------------------------------------------------
--  DDL for Table CIUDADES
--------------------------------------------------------

  CREATE TABLE "AGENCIA"."CIUDADES" 
   (	"COD_CIUDAD" NUMBER(3,0), 
	"NOMBRE_CIUDAD" VARCHAR2(15 BYTE), 
	"PAIS" VARCHAR2(20 BYTE)
   ) SEGMENT CREATION IMMEDIATE 
  PCTFREE 10 PCTUSED 40 INITRANS 1 MAXTRANS 255 NOCOMPRESS LOGGING
  STORAGE(INITIAL 65536 NEXT 1048576 MINEXTENTS 1 MAXEXTENTS 2147483645
  PCTINCREASE 0 FREELISTS 1 FREELIST GROUPS 1 BUFFER_POOL DEFAULT FLASH_CACHE DEFAULT CELL_FLASH_CACHE DEFAULT)
  TABLESPACE "SYSTEM" ;
--------------------------------------------------------
--  DDL for Table CLIENTES
--------------------------------------------------------

  CREATE TABLE "AGENCIA"."CLIENTES" 
   (	"DNI" VARCHAR2(10 BYTE), 
	"NOMBRE_CLI" VARCHAR2(15 BYTE), 
	"APELLIDOS" VARCHAR2(20 BYTE), 
	"TELEFONO" NUMBER(15,0)
   ) SEGMENT CREATION IMMEDIATE 
  PCTFREE 10 PCTUSED 40 INITRANS 1 MAXTRANS 255 NOCOMPRESS LOGGING
  STORAGE(INITIAL 65536 NEXT 1048576 MINEXTENTS 1 MAXEXTENTS 2147483645
  PCTINCREASE 0 FREELISTS 1 FREELIST GROUPS 1 BUFFER_POOL DEFAULT FLASH_CACHE DEFAULT CELL_FLASH_CACHE DEFAULT)
  TABLESPACE "SYSTEM" ;
--------------------------------------------------------
--  DDL for Table HOTELES
--------------------------------------------------------

  CREATE TABLE "AGENCIA"."HOTELES" 
   (	"COD_HOTEL" NUMBER(3,0), 
	"NOMBRE_HOTEL" VARCHAR2(40 BYTE), 
	"DIRECCION" VARCHAR2(40 BYTE), 
	"PRECIO_HOTEL" NUMBER(5,0), 
	"COD_CIUDAD" NUMBER(3,0)
   ) SEGMENT CREATION IMMEDIATE 
  PCTFREE 10 PCTUSED 40 INITRANS 1 MAXTRANS 255 NOCOMPRESS LOGGING
  STORAGE(INITIAL 65536 NEXT 1048576 MINEXTENTS 1 MAXEXTENTS 2147483645
  PCTINCREASE 0 FREELISTS 1 FREELIST GROUPS 1 BUFFER_POOL DEFAULT FLASH_CACHE DEFAULT CELL_FLASH_CACHE DEFAULT)
  TABLESPACE "SYSTEM" ;
--------------------------------------------------------
--  DDL for Table MEDIOSTRANSPORTE
--------------------------------------------------------

  CREATE TABLE "AGENCIA"."MEDIOSTRANSPORTE" 
   (	"COD_MEDIO" NUMBER(3,0), 
	"NOMBRE_MEDIO" VARCHAR2(15 BYTE)
   ) SEGMENT CREATION IMMEDIATE 
  PCTFREE 10 PCTUSED 40 INITRANS 1 MAXTRANS 255 NOCOMPRESS LOGGING
  STORAGE(INITIAL 65536 NEXT 1048576 MINEXTENTS 1 MAXEXTENTS 2147483645
  PCTINCREASE 0 FREELISTS 1 FREELIST GROUPS 1 BUFFER_POOL DEFAULT FLASH_CACHE DEFAULT CELL_FLASH_CACHE DEFAULT)
  TABLESPACE "SYSTEM" ;
--------------------------------------------------------
--  DDL for Table RESERVAS
--------------------------------------------------------

  CREATE TABLE "AGENCIA"."RESERVAS" 
   (	"DNI" VARCHAR2(10 BYTE), 
	"COD_VIAJE" NUMBER(3,0), 
	"NUMERO_PERSONAS" NUMBER(3,0), 
	"PRECIO_TOTAL" NUMBER(9,0), 
	"COD_HOTEL" NUMBER(3,0)
   ) SEGMENT CREATION IMMEDIATE 
  PCTFREE 10 PCTUSED 40 INITRANS 1 MAXTRANS 255 NOCOMPRESS LOGGING
  STORAGE(INITIAL 65536 NEXT 1048576 MINEXTENTS 1 MAXEXTENTS 2147483645
  PCTINCREASE 0 FREELISTS 1 FREELIST GROUPS 1 BUFFER_POOL DEFAULT FLASH_CACHE DEFAULT CELL_FLASH_CACHE DEFAULT)
  TABLESPACE "SYSTEM" ;
--------------------------------------------------------
--  DDL for Table VIAJES
--------------------------------------------------------

  CREATE TABLE "AGENCIA"."VIAJES" 
   (	"COD_VIAJE" NUMBER(3,0), 
	"CIUDAD_ORIGEN" NUMBER(3,0), 
	"CIUDAD_DESTINO" NUMBER(3,0), 
	"COD_MEDIO" NUMBER(3,0), 
	"PRECIO_VIAJE" NUMBER(9,0)
   ) SEGMENT CREATION IMMEDIATE 
  PCTFREE 10 PCTUSED 40 INITRANS 1 MAXTRANS 255 NOCOMPRESS LOGGING
  STORAGE(INITIAL 65536 NEXT 1048576 MINEXTENTS 1 MAXEXTENTS 2147483645
  PCTINCREASE 0 FREELISTS 1 FREELIST GROUPS 1 BUFFER_POOL DEFAULT FLASH_CACHE DEFAULT CELL_FLASH_CACHE DEFAULT)
  TABLESPACE "SYSTEM" ;
REM INSERTING into AGENCIA.CIUDADES
SET DEFINE OFF;
Insert into AGENCIA.CIUDADES (COD_CIUDAD,NOMBRE_CIUDAD,PAIS) values ('1','Madrid','España');
Insert into AGENCIA.CIUDADES (COD_CIUDAD,NOMBRE_CIUDAD,PAIS) values ('2','Barcelona','España');
Insert into AGENCIA.CIUDADES (COD_CIUDAD,NOMBRE_CIUDAD,PAIS) values ('3','Valencia','España');
Insert into AGENCIA.CIUDADES (COD_CIUDAD,NOMBRE_CIUDAD,PAIS) values ('4','París','Francia');
Insert into AGENCIA.CIUDADES (COD_CIUDAD,NOMBRE_CIUDAD,PAIS) values ('5','Londres','Reino Unido');
Insert into AGENCIA.CIUDADES (COD_CIUDAD,NOMBRE_CIUDAD,PAIS) values ('6','Venecia','Italia');
REM INSERTING into AGENCIA.CLIENTES
SET DEFINE OFF;
Insert into AGENCIA.CLIENTES (DNI,NOMBRE_CLI,APELLIDOS,TELEFONO) values ('04124125H','Jorge','Aragón Moreno','666885566');
Insert into AGENCIA.CLIENTES (DNI,NOMBRE_CLI,APELLIDOS,TELEFONO) values ('04187548F','Juan','Ramirez Gómez','668547144');
Insert into AGENCIA.CLIENTES (DNI,NOMBRE_CLI,APELLIDOS,TELEFONO) values ('04342525X','Andrés','Sánchez González','234666789');
Insert into AGENCIA.CLIENTES (DNI,NOMBRE_CLI,APELLIDOS,TELEFONO) values ('04353576K','Felipe','Rey Leonardo','666112244');
Insert into AGENCIA.CLIENTES (DNI,NOMBRE_CLI,APELLIDOS,TELEFONO) values ('04356235N','Luis','Peña Rodriguez','666875558');
Insert into AGENCIA.CLIENTES (DNI,NOMBRE_CLI,APELLIDOS,TELEFONO) values ('04464623R','Joaquín','Sabina Morales','668875498');
Insert into AGENCIA.CLIENTES (DNI,NOMBRE_CLI,APELLIDOS,TELEFONO) values ('04823852Q','Alfonso','Ramirez Hernández','666222211');
Insert into AGENCIA.CLIENTES (DNI,NOMBRE_CLI,APELLIDOS,TELEFONO) values ('04839359K','Fernando','Gudiel Martínez','666333321');
Insert into AGENCIA.CLIENTES (DNI,NOMBRE_CLI,APELLIDOS,TELEFONO) values ('04839568T','Jesus','Montero Pérez','666711188');
Insert into AGENCIA.CLIENTES (DNI,NOMBRE_CLI,APELLIDOS,TELEFONO) values ('08754587M','Antonio','Moreno Blanco','666777888');
REM INSERTING into AGENCIA.HOTELES
SET DEFINE OFF;
Insert into AGENCIA.HOTELES (COD_HOTEL,NOMBRE_HOTEL,DIRECCION,PRECIO_HOTEL,COD_CIUDAD) values ('1','Hotel NH Collection Madrid Colón','Calle Marqués de Zurgena, 4','154','1');
Insert into AGENCIA.HOTELES (COD_HOTEL,NOMBRE_HOTEL,DIRECCION,PRECIO_HOTEL,COD_CIUDAD) values ('2','Novotel Madrid Center','Calle de O''''Donnell, 53','98','1');
Insert into AGENCIA.HOTELES (COD_HOTEL,NOMBRE_HOTEL,DIRECCION,PRECIO_HOTEL,COD_CIUDAD) values ('3','Hotel Condes de Barcelona','Passeig de Gràcia, 73','101','2');
Insert into AGENCIA.HOTELES (COD_HOTEL,NOMBRE_HOTEL,DIRECCION,PRECIO_HOTEL,COD_CIUDAD) values ('4','Hotel NH Barcelona Diagonal Center','Carrer d''Àlaba, 94-96','68','2');
Insert into AGENCIA.HOTELES (COD_HOTEL,NOMBRE_HOTEL,DIRECCION,PRECIO_HOTEL,COD_CIUDAD) values ('5','Senator Parque Central Hotel','Plaça Manuel Sanchis Guarner, 1','67','3');
Insert into AGENCIA.HOTELES (COD_HOTEL,NOMBRE_HOTEL,DIRECCION,PRECIO_HOTEL,COD_CIUDAD) values ('6','Casual de Las Artes Valencia','Av. del Puerto, 39','51','3');
Insert into AGENCIA.HOTELES (COD_HOTEL,NOMBRE_HOTEL,DIRECCION,PRECIO_HOTEL,COD_CIUDAD) values ('7','Les Plumes Hôtel','10 Rue Lamartine','147','4');
Insert into AGENCIA.HOTELES (COD_HOTEL,NOMBRE_HOTEL,DIRECCION,PRECIO_HOTEL,COD_CIUDAD) values ('8','B&B HOTEL','23 Av. René Fonck','65','4');
Insert into AGENCIA.HOTELES (COD_HOTEL,NOMBRE_HOTEL,DIRECCION,PRECIO_HOTEL,COD_CIUDAD) values ('9','The Tower Hotel','St Katharine''s Way, London E1W 1LD','152','5');
Insert into AGENCIA.HOTELES (COD_HOTEL,NOMBRE_HOTEL,DIRECCION,PRECIO_HOTEL,COD_CIUDAD) values ('10','Hotel ibis London City - Shoreditch','5 Commercial St, London E1 6BF','89','5');
Insert into AGENCIA.HOTELES (COD_HOTEL,NOMBRE_HOTEL,DIRECCION,PRECIO_HOTEL,COD_CIUDAD) values ('11','Hotel Carlton on the Grand Canal','Santa Croce, 578','94','6');
Insert into AGENCIA.HOTELES (COD_HOTEL,NOMBRE_HOTEL,DIRECCION,PRECIO_HOTEL,COD_CIUDAD) values ('12','Hotel Agli Artisti','Calle Priuli Cavalletti 99 A/C','59','6');
REM INSERTING into AGENCIA.MEDIOSTRANSPORTE
SET DEFINE OFF;
Insert into AGENCIA.MEDIOSTRANSPORTE (COD_MEDIO,NOMBRE_MEDIO) values ('1','Tren');
Insert into AGENCIA.MEDIOSTRANSPORTE (COD_MEDIO,NOMBRE_MEDIO) values ('2','Avión');
Insert into AGENCIA.MEDIOSTRANSPORTE (COD_MEDIO,NOMBRE_MEDIO) values ('3','Barco');
REM INSERTING into AGENCIA.RESERVAS
SET DEFINE OFF;
Insert into AGENCIA.RESERVAS (DNI,COD_VIAJE,NUMERO_PERSONAS,PRECIO_TOTAL,COD_HOTEL) values ('04342525X','48','2','0','1');
Insert into AGENCIA.RESERVAS (DNI,COD_VIAJE,NUMERO_PERSONAS,PRECIO_TOTAL,COD_HOTEL) values ('04124125H','11','4','1012','1');
Insert into AGENCIA.RESERVAS (DNI,COD_VIAJE,NUMERO_PERSONAS,PRECIO_TOTAL,COD_HOTEL) values ('04187548F','27','3','0','3');
REM INSERTING into AGENCIA.VIAJES
SET DEFINE OFF;
Insert into AGENCIA.VIAJES (COD_VIAJE,CIUDAD_ORIGEN,CIUDAD_DESTINO,COD_MEDIO,PRECIO_VIAJE) values ('1','1','2','1','99');
Insert into AGENCIA.VIAJES (COD_VIAJE,CIUDAD_ORIGEN,CIUDAD_DESTINO,COD_MEDIO,PRECIO_VIAJE) values ('2','1','2','2','120');
Insert into AGENCIA.VIAJES (COD_VIAJE,CIUDAD_ORIGEN,CIUDAD_DESTINO,COD_MEDIO,PRECIO_VIAJE) values ('3','1','3','1','50');
Insert into AGENCIA.VIAJES (COD_VIAJE,CIUDAD_ORIGEN,CIUDAD_DESTINO,COD_MEDIO,PRECIO_VIAJE) values ('4','1','3','2','80');
Insert into AGENCIA.VIAJES (COD_VIAJE,CIUDAD_ORIGEN,CIUDAD_DESTINO,COD_MEDIO,PRECIO_VIAJE) values ('5','1','4','1','120');
Insert into AGENCIA.VIAJES (COD_VIAJE,CIUDAD_ORIGEN,CIUDAD_DESTINO,COD_MEDIO,PRECIO_VIAJE) values ('6','1','4','2','200');
Insert into AGENCIA.VIAJES (COD_VIAJE,CIUDAD_ORIGEN,CIUDAD_DESTINO,COD_MEDIO,PRECIO_VIAJE) values ('7','1','5','1','170');
Insert into AGENCIA.VIAJES (COD_VIAJE,CIUDAD_ORIGEN,CIUDAD_DESTINO,COD_MEDIO,PRECIO_VIAJE) values ('8','1','5','2','190');
Insert into AGENCIA.VIAJES (COD_VIAJE,CIUDAD_ORIGEN,CIUDAD_DESTINO,COD_MEDIO,PRECIO_VIAJE) values ('9','1','6','1','180');
Insert into AGENCIA.VIAJES (COD_VIAJE,CIUDAD_ORIGEN,CIUDAD_DESTINO,COD_MEDIO,PRECIO_VIAJE) values ('10','1','6','2','220');
Insert into AGENCIA.VIAJES (COD_VIAJE,CIUDAD_ORIGEN,CIUDAD_DESTINO,COD_MEDIO,PRECIO_VIAJE) values ('11','2','1','1','99');
Insert into AGENCIA.VIAJES (COD_VIAJE,CIUDAD_ORIGEN,CIUDAD_DESTINO,COD_MEDIO,PRECIO_VIAJE) values ('12','2','1','2','120');
Insert into AGENCIA.VIAJES (COD_VIAJE,CIUDAD_ORIGEN,CIUDAD_DESTINO,COD_MEDIO,PRECIO_VIAJE) values ('13','2','3','1','40');
Insert into AGENCIA.VIAJES (COD_VIAJE,CIUDAD_ORIGEN,CIUDAD_DESTINO,COD_MEDIO,PRECIO_VIAJE) values ('14','2','3','2','80');
Insert into AGENCIA.VIAJES (COD_VIAJE,CIUDAD_ORIGEN,CIUDAD_DESTINO,COD_MEDIO,PRECIO_VIAJE) values ('15','2','3','3','100');
Insert into AGENCIA.VIAJES (COD_VIAJE,CIUDAD_ORIGEN,CIUDAD_DESTINO,COD_MEDIO,PRECIO_VIAJE) values ('16','2','4','1','120');
Insert into AGENCIA.VIAJES (COD_VIAJE,CIUDAD_ORIGEN,CIUDAD_DESTINO,COD_MEDIO,PRECIO_VIAJE) values ('17','2','4','2','160');
Insert into AGENCIA.VIAJES (COD_VIAJE,CIUDAD_ORIGEN,CIUDAD_DESTINO,COD_MEDIO,PRECIO_VIAJE) values ('18','2','5','1','120');
Insert into AGENCIA.VIAJES (COD_VIAJE,CIUDAD_ORIGEN,CIUDAD_DESTINO,COD_MEDIO,PRECIO_VIAJE) values ('19','2','5','2','200');
Insert into AGENCIA.VIAJES (COD_VIAJE,CIUDAD_ORIGEN,CIUDAD_DESTINO,COD_MEDIO,PRECIO_VIAJE) values ('20','2','5','3','250');
Insert into AGENCIA.VIAJES (COD_VIAJE,CIUDAD_ORIGEN,CIUDAD_DESTINO,COD_MEDIO,PRECIO_VIAJE) values ('21','2','6','1','80');
Insert into AGENCIA.VIAJES (COD_VIAJE,CIUDAD_ORIGEN,CIUDAD_DESTINO,COD_MEDIO,PRECIO_VIAJE) values ('22','2','6','2','110');
Insert into AGENCIA.VIAJES (COD_VIAJE,CIUDAD_ORIGEN,CIUDAD_DESTINO,COD_MEDIO,PRECIO_VIAJE) values ('23','2','6','3','140');
Insert into AGENCIA.VIAJES (COD_VIAJE,CIUDAD_ORIGEN,CIUDAD_DESTINO,COD_MEDIO,PRECIO_VIAJE) values ('24','3','1','1','35');
Insert into AGENCIA.VIAJES (COD_VIAJE,CIUDAD_ORIGEN,CIUDAD_DESTINO,COD_MEDIO,PRECIO_VIAJE) values ('25','3','1','2','75');
Insert into AGENCIA.VIAJES (COD_VIAJE,CIUDAD_ORIGEN,CIUDAD_DESTINO,COD_MEDIO,PRECIO_VIAJE) values ('26','3','2','1','40');
Insert into AGENCIA.VIAJES (COD_VIAJE,CIUDAD_ORIGEN,CIUDAD_DESTINO,COD_MEDIO,PRECIO_VIAJE) values ('27','3','2','2','80');
Insert into AGENCIA.VIAJES (COD_VIAJE,CIUDAD_ORIGEN,CIUDAD_DESTINO,COD_MEDIO,PRECIO_VIAJE) values ('28','3','2','3','120');
Insert into AGENCIA.VIAJES (COD_VIAJE,CIUDAD_ORIGEN,CIUDAD_DESTINO,COD_MEDIO,PRECIO_VIAJE) values ('29','3','4','1','55');
Insert into AGENCIA.VIAJES (COD_VIAJE,CIUDAD_ORIGEN,CIUDAD_DESTINO,COD_MEDIO,PRECIO_VIAJE) values ('30','3','4','2','85');
Insert into AGENCIA.VIAJES (COD_VIAJE,CIUDAD_ORIGEN,CIUDAD_DESTINO,COD_MEDIO,PRECIO_VIAJE) values ('31','3','5','1','115');
Insert into AGENCIA.VIAJES (COD_VIAJE,CIUDAD_ORIGEN,CIUDAD_DESTINO,COD_MEDIO,PRECIO_VIAJE) values ('32','3','5','2','100');
Insert into AGENCIA.VIAJES (COD_VIAJE,CIUDAD_ORIGEN,CIUDAD_DESTINO,COD_MEDIO,PRECIO_VIAJE) values ('33','3','5','3','150');
Insert into AGENCIA.VIAJES (COD_VIAJE,CIUDAD_ORIGEN,CIUDAD_DESTINO,COD_MEDIO,PRECIO_VIAJE) values ('34','3','6','1','110');
Insert into AGENCIA.VIAJES (COD_VIAJE,CIUDAD_ORIGEN,CIUDAD_DESTINO,COD_MEDIO,PRECIO_VIAJE) values ('35','3','6','2','150');
Insert into AGENCIA.VIAJES (COD_VIAJE,CIUDAD_ORIGEN,CIUDAD_DESTINO,COD_MEDIO,PRECIO_VIAJE) values ('36','3','6','3','180');
Insert into AGENCIA.VIAJES (COD_VIAJE,CIUDAD_ORIGEN,CIUDAD_DESTINO,COD_MEDIO,PRECIO_VIAJE) values ('37','4','1','1','110');
Insert into AGENCIA.VIAJES (COD_VIAJE,CIUDAD_ORIGEN,CIUDAD_DESTINO,COD_MEDIO,PRECIO_VIAJE) values ('38','4','1','2','130');
Insert into AGENCIA.VIAJES (COD_VIAJE,CIUDAD_ORIGEN,CIUDAD_DESTINO,COD_MEDIO,PRECIO_VIAJE) values ('39','4','2','1','90');
Insert into AGENCIA.VIAJES (COD_VIAJE,CIUDAD_ORIGEN,CIUDAD_DESTINO,COD_MEDIO,PRECIO_VIAJE) values ('40','4','2','2','110');
Insert into AGENCIA.VIAJES (COD_VIAJE,CIUDAD_ORIGEN,CIUDAD_DESTINO,COD_MEDIO,PRECIO_VIAJE) values ('41','4','3','1','100');
Insert into AGENCIA.VIAJES (COD_VIAJE,CIUDAD_ORIGEN,CIUDAD_DESTINO,COD_MEDIO,PRECIO_VIAJE) values ('42','4','3','2','130');
Insert into AGENCIA.VIAJES (COD_VIAJE,CIUDAD_ORIGEN,CIUDAD_DESTINO,COD_MEDIO,PRECIO_VIAJE) values ('43','4','5','1','55');
Insert into AGENCIA.VIAJES (COD_VIAJE,CIUDAD_ORIGEN,CIUDAD_DESTINO,COD_MEDIO,PRECIO_VIAJE) values ('44','4','5','2','95');
Insert into AGENCIA.VIAJES (COD_VIAJE,CIUDAD_ORIGEN,CIUDAD_DESTINO,COD_MEDIO,PRECIO_VIAJE) values ('45','4','6','1','120');
Insert into AGENCIA.VIAJES (COD_VIAJE,CIUDAD_ORIGEN,CIUDAD_DESTINO,COD_MEDIO,PRECIO_VIAJE) values ('46','4','6','2','170');
Insert into AGENCIA.VIAJES (COD_VIAJE,CIUDAD_ORIGEN,CIUDAD_DESTINO,COD_MEDIO,PRECIO_VIAJE) values ('47','5','1','1','110');
Insert into AGENCIA.VIAJES (COD_VIAJE,CIUDAD_ORIGEN,CIUDAD_DESTINO,COD_MEDIO,PRECIO_VIAJE) values ('48','5','1','2','140');
Insert into AGENCIA.VIAJES (COD_VIAJE,CIUDAD_ORIGEN,CIUDAD_DESTINO,COD_MEDIO,PRECIO_VIAJE) values ('49','5','2','1','100');
Insert into AGENCIA.VIAJES (COD_VIAJE,CIUDAD_ORIGEN,CIUDAD_DESTINO,COD_MEDIO,PRECIO_VIAJE) values ('50','5','2','2','140');
Insert into AGENCIA.VIAJES (COD_VIAJE,CIUDAD_ORIGEN,CIUDAD_DESTINO,COD_MEDIO,PRECIO_VIAJE) values ('51','5','2','3','180');
Insert into AGENCIA.VIAJES (COD_VIAJE,CIUDAD_ORIGEN,CIUDAD_DESTINO,COD_MEDIO,PRECIO_VIAJE) values ('52','5','3','1','120');
Insert into AGENCIA.VIAJES (COD_VIAJE,CIUDAD_ORIGEN,CIUDAD_DESTINO,COD_MEDIO,PRECIO_VIAJE) values ('53','5','3','2','160');
Insert into AGENCIA.VIAJES (COD_VIAJE,CIUDAD_ORIGEN,CIUDAD_DESTINO,COD_MEDIO,PRECIO_VIAJE) values ('54','5','3','3','200');
Insert into AGENCIA.VIAJES (COD_VIAJE,CIUDAD_ORIGEN,CIUDAD_DESTINO,COD_MEDIO,PRECIO_VIAJE) values ('55','5','4','1','55');
Insert into AGENCIA.VIAJES (COD_VIAJE,CIUDAD_ORIGEN,CIUDAD_DESTINO,COD_MEDIO,PRECIO_VIAJE) values ('56','5','4','2','95');
Insert into AGENCIA.VIAJES (COD_VIAJE,CIUDAD_ORIGEN,CIUDAD_DESTINO,COD_MEDIO,PRECIO_VIAJE) values ('57','5','6','1','150');
Insert into AGENCIA.VIAJES (COD_VIAJE,CIUDAD_ORIGEN,CIUDAD_DESTINO,COD_MEDIO,PRECIO_VIAJE) values ('58','5','6','2','160');
Insert into AGENCIA.VIAJES (COD_VIAJE,CIUDAD_ORIGEN,CIUDAD_DESTINO,COD_MEDIO,PRECIO_VIAJE) values ('59','5','6','3','250');
Insert into AGENCIA.VIAJES (COD_VIAJE,CIUDAD_ORIGEN,CIUDAD_DESTINO,COD_MEDIO,PRECIO_VIAJE) values ('60','6','1','1','110');
Insert into AGENCIA.VIAJES (COD_VIAJE,CIUDAD_ORIGEN,CIUDAD_DESTINO,COD_MEDIO,PRECIO_VIAJE) values ('61','6','1','2','130');
Insert into AGENCIA.VIAJES (COD_VIAJE,CIUDAD_ORIGEN,CIUDAD_DESTINO,COD_MEDIO,PRECIO_VIAJE) values ('62','6','2','1','90');
Insert into AGENCIA.VIAJES (COD_VIAJE,CIUDAD_ORIGEN,CIUDAD_DESTINO,COD_MEDIO,PRECIO_VIAJE) values ('63','6','2','2','115');
Insert into AGENCIA.VIAJES (COD_VIAJE,CIUDAD_ORIGEN,CIUDAD_DESTINO,COD_MEDIO,PRECIO_VIAJE) values ('64','6','2','3','150');
Insert into AGENCIA.VIAJES (COD_VIAJE,CIUDAD_ORIGEN,CIUDAD_DESTINO,COD_MEDIO,PRECIO_VIAJE) values ('65','6','3','1','100');
Insert into AGENCIA.VIAJES (COD_VIAJE,CIUDAD_ORIGEN,CIUDAD_DESTINO,COD_MEDIO,PRECIO_VIAJE) values ('66','6','3','2','130');
Insert into AGENCIA.VIAJES (COD_VIAJE,CIUDAD_ORIGEN,CIUDAD_DESTINO,COD_MEDIO,PRECIO_VIAJE) values ('67','6','3','3','180');
Insert into AGENCIA.VIAJES (COD_VIAJE,CIUDAD_ORIGEN,CIUDAD_DESTINO,COD_MEDIO,PRECIO_VIAJE) values ('68','6','4','1','95');
Insert into AGENCIA.VIAJES (COD_VIAJE,CIUDAD_ORIGEN,CIUDAD_DESTINO,COD_MEDIO,PRECIO_VIAJE) values ('69','6','4','2','125');
Insert into AGENCIA.VIAJES (COD_VIAJE,CIUDAD_ORIGEN,CIUDAD_DESTINO,COD_MEDIO,PRECIO_VIAJE) values ('70','6','5','1','140');
Insert into AGENCIA.VIAJES (COD_VIAJE,CIUDAD_ORIGEN,CIUDAD_DESTINO,COD_MEDIO,PRECIO_VIAJE) values ('71','6','5','2','160');
Insert into AGENCIA.VIAJES (COD_VIAJE,CIUDAD_ORIGEN,CIUDAD_DESTINO,COD_MEDIO,PRECIO_VIAJE) values ('72','6','5','3','250');
--------------------------------------------------------
--  DDL for Index DNI_VIAJE_PK
--------------------------------------------------------

  CREATE UNIQUE INDEX "AGENCIA"."DNI_VIAJE_PK" ON "AGENCIA"."RESERVAS" ("DNI", "COD_VIAJE") 
  PCTFREE 10 INITRANS 2 MAXTRANS 255 COMPUTE STATISTICS 
  STORAGE(INITIAL 65536 NEXT 1048576 MINEXTENTS 1 MAXEXTENTS 2147483645
  PCTINCREASE 0 FREELISTS 1 FREELIST GROUPS 1 BUFFER_POOL DEFAULT FLASH_CACHE DEFAULT CELL_FLASH_CACHE DEFAULT)
  TABLESPACE "SYSTEM" ;
--------------------------------------------------------
--  Constraints for Table HOTELES
--------------------------------------------------------

  ALTER TABLE "AGENCIA"."HOTELES" ADD PRIMARY KEY ("COD_HOTEL")
  USING INDEX PCTFREE 10 INITRANS 2 MAXTRANS 255 COMPUTE STATISTICS 
  STORAGE(INITIAL 65536 NEXT 1048576 MINEXTENTS 1 MAXEXTENTS 2147483645
  PCTINCREASE 0 FREELISTS 1 FREELIST GROUPS 1 BUFFER_POOL DEFAULT FLASH_CACHE DEFAULT CELL_FLASH_CACHE DEFAULT)
  TABLESPACE "SYSTEM"  ENABLE;
--------------------------------------------------------
--  Constraints for Table RESERVAS
--------------------------------------------------------

  ALTER TABLE "AGENCIA"."RESERVAS" ADD CONSTRAINT "DNI_VIAJE_PK" PRIMARY KEY ("DNI", "COD_VIAJE")
  USING INDEX PCTFREE 10 INITRANS 2 MAXTRANS 255 COMPUTE STATISTICS 
  STORAGE(INITIAL 65536 NEXT 1048576 MINEXTENTS 1 MAXEXTENTS 2147483645
  PCTINCREASE 0 FREELISTS 1 FREELIST GROUPS 1 BUFFER_POOL DEFAULT FLASH_CACHE DEFAULT CELL_FLASH_CACHE DEFAULT)
  TABLESPACE "SYSTEM"  ENABLE;
--------------------------------------------------------
--  Constraints for Table MEDIOSTRANSPORTE
--------------------------------------------------------

  ALTER TABLE "AGENCIA"."MEDIOSTRANSPORTE" ADD PRIMARY KEY ("COD_MEDIO")
  USING INDEX PCTFREE 10 INITRANS 2 MAXTRANS 255 COMPUTE STATISTICS 
  STORAGE(INITIAL 65536 NEXT 1048576 MINEXTENTS 1 MAXEXTENTS 2147483645
  PCTINCREASE 0 FREELISTS 1 FREELIST GROUPS 1 BUFFER_POOL DEFAULT FLASH_CACHE DEFAULT CELL_FLASH_CACHE DEFAULT)
  TABLESPACE "SYSTEM"  ENABLE;
--------------------------------------------------------
--  Constraints for Table CLIENTES
--------------------------------------------------------

  ALTER TABLE "AGENCIA"."CLIENTES" ADD PRIMARY KEY ("DNI")
  USING INDEX PCTFREE 10 INITRANS 2 MAXTRANS 255 COMPUTE STATISTICS 
  STORAGE(INITIAL 65536 NEXT 1048576 MINEXTENTS 1 MAXEXTENTS 2147483645
  PCTINCREASE 0 FREELISTS 1 FREELIST GROUPS 1 BUFFER_POOL DEFAULT FLASH_CACHE DEFAULT CELL_FLASH_CACHE DEFAULT)
  TABLESPACE "SYSTEM"  ENABLE;
--------------------------------------------------------
--  Constraints for Table CIUDADES
--------------------------------------------------------

  ALTER TABLE "AGENCIA"."CIUDADES" ADD PRIMARY KEY ("COD_CIUDAD")
  USING INDEX PCTFREE 10 INITRANS 2 MAXTRANS 255 COMPUTE STATISTICS 
  STORAGE(INITIAL 65536 NEXT 1048576 MINEXTENTS 1 MAXEXTENTS 2147483645
  PCTINCREASE 0 FREELISTS 1 FREELIST GROUPS 1 BUFFER_POOL DEFAULT FLASH_CACHE DEFAULT CELL_FLASH_CACHE DEFAULT)
  TABLESPACE "SYSTEM"  ENABLE;
--------------------------------------------------------
--  Constraints for Table VIAJES
--------------------------------------------------------

  ALTER TABLE "AGENCIA"."VIAJES" ADD PRIMARY KEY ("COD_VIAJE")
  USING INDEX PCTFREE 10 INITRANS 2 MAXTRANS 255 COMPUTE STATISTICS 
  STORAGE(INITIAL 65536 NEXT 1048576 MINEXTENTS 1 MAXEXTENTS 2147483645
  PCTINCREASE 0 FREELISTS 1 FREELIST GROUPS 1 BUFFER_POOL DEFAULT FLASH_CACHE DEFAULT CELL_FLASH_CACHE DEFAULT)
  TABLESPACE "SYSTEM"  ENABLE;
--------------------------------------------------------
--  Ref Constraints for Table HOTELES
--------------------------------------------------------

  ALTER TABLE "AGENCIA"."HOTELES" ADD FOREIGN KEY ("COD_CIUDAD")
	  REFERENCES "AGENCIA"."CIUDADES" ("COD_CIUDAD") ENABLE;
--------------------------------------------------------
--  Ref Constraints for Table RESERVAS
--------------------------------------------------------

  ALTER TABLE "AGENCIA"."RESERVAS" ADD FOREIGN KEY ("DNI")
	  REFERENCES "AGENCIA"."CLIENTES" ("DNI") ENABLE;
  ALTER TABLE "AGENCIA"."RESERVAS" ADD FOREIGN KEY ("COD_VIAJE")
	  REFERENCES "AGENCIA"."VIAJES" ("COD_VIAJE") ENABLE;
  ALTER TABLE "AGENCIA"."RESERVAS" ADD FOREIGN KEY ("COD_HOTEL")
	  REFERENCES "AGENCIA"."HOTELES" ("COD_HOTEL") ENABLE;
--------------------------------------------------------
--  Ref Constraints for Table VIAJES
--------------------------------------------------------

  ALTER TABLE "AGENCIA"."VIAJES" ADD FOREIGN KEY ("CIUDAD_ORIGEN")
	  REFERENCES "AGENCIA"."CIUDADES" ("COD_CIUDAD") ENABLE;
  ALTER TABLE "AGENCIA"."VIAJES" ADD FOREIGN KEY ("CIUDAD_DESTINO")
	  REFERENCES "AGENCIA"."CIUDADES" ("COD_CIUDAD") ENABLE;
  ALTER TABLE "AGENCIA"."VIAJES" ADD FOREIGN KEY ("COD_MEDIO")
	  REFERENCES "AGENCIA"."MEDIOSTRANSPORTE" ("COD_MEDIO") ENABLE;
